-- country
INSERT INTO cinema_catalog.country (id, name) VALUES ("588ab9d92d029a6d15d0b5b7", "Mexico");
INSERT INTO cinema_catalog.country (id, name) VALUES ("588ab9d92d029a6d15d0b5b8", "Colombia");
INSERT INTO cinema_catalog.country (id, name) VALUES ("588ab9d92d029a6d15d0b5b9", "Chile");

-- state
INSERT INTO cinema_catalog.state (id, name, country_id) VALUES ("588aba4d2d029a6d15d0b5ba", "Michoacán", "588ab9d92d029a6d15d0b5b7");
INSERT INTO cinema_catalog.state (id, name, country_id) VALUES ("588aba4d2d029a6d15d0b5bb", "Querétaro", "588ab9d92d029a6d15d0b5b7");
INSERT INTO cinema_catalog.state (id, name, country_id) VALUES ("588aba4d2d029a6d15d0b5bc", "Cundinamrca", "588ab9d92d029a6d15d0b5b8");
INSERT INTO cinema_catalog.state (id, name, country_id) VALUES ("588aba4d2d029a6d15d0b5bd", "Antioquia", "588ab9d92d029a6d15d0b5b8");
INSERT INTO cinema_catalog.state (id, name, country_id) VALUES ("588aba4d2d029a6d15d0b5be", "Region Metropolitana", "588ab9d92d029a6d15d0b5b9");

-- city
INSERT INTO cinema_catalog.city (id, name, state_id) VALUES ("588ababf2d029a6d15d0b5bf", "Morelia", "588aba4d2d029a6d15d0b5ba");
INSERT INTO cinema_catalog.city (id, name, state_id) VALUES ("588ababf2d029a6d15d0b5c0", "Queretaro", "588aba4d2d029a6d15d0b5bb");
INSERT INTO cinema_catalog.city (id, name, state_id) VALUES ("588ababf2d029a6d15d0b5c1", "Morelia", "588aba4d2d029a6d15d0b5bc");
INSERT INTO cinema_catalog.city (id, name, state_id) VALUES ("588ababf2d029a6d15d0b5c2", "Bogota", "588aba4d2d029a6d15d0b5bd");
INSERT INTO cinema_catalog.city (id, name, state_id) VALUES ("588ababf2d029a6d15d0b5c3", "Santiago de Chile", "588aba4d2d029a6d15d0b5be");

-- cinema
INSERT INTO cinema_catalog.cinema (id, name, city_id) VALUES ("588ac3a02d029a6d15d0b5c4", "Plaza Morelia", "588ababf2d029a6d15d0b5bf");
INSERT INTO cinema_catalog.cinema (id, name, city_id) VALUES ("588ac3a02d029a6d15d0b5c5", "Las Americas", "588ababf2d029a6d15d0b5bf");
INSERT INTO cinema_catalog.cinema (id, name, city_id) VALUES ("588ac3a02d029a6d15d0b5c6", "Estacion Central", "588ababf2d029a6d15d0b5c3");
INSERT INTO cinema_catalog.cinema (id, name, city_id) VALUES ("588ac3a02d029a6d15d0b5c7", "San Agustin", "588ababf2d029a6d15d0b5c3");
INSERT INTO cinema_catalog.cinema (id, name, city_id) VALUES ("588ac65f2d029a6d15d0b5c8", "Calima", "588ababf2d029a6d15d0b5c2");
INSERT INTO cinema_catalog.cinema (id, name, city_id) VALUES ("588ac3a02d029a6d15d0b5c9", "Hayuelos Colombia", "588ababf2d029a6d15d0b5c2");
INSERT INTO cinema_catalog.cinema (id, name, city_id) VALUES ("588ac3a02d029a6d15d0b5ca", "City Plaza", "588ababf2d029a6d15d0b5c1");
INSERT INTO cinema_catalog.cinema (id, name, city_id) VALUES ("588ac3a02d029a6d15d0b5cb", "Juriquilla Uptown", "588ababf2d029a6d15d0b5c0");

-- cinema premieres
INSERT INTO cinema_catalog.cinemaPremiere (id, movie_id, cinema_id) VALUES ("688ac3a02d029a6d15d0b5c1", "1", "588ac3a02d029a6d15d0b5c4");
INSERT INTO cinema_catalog.cinemaPremiere (id, movie_id, cinema_id) VALUES ("688ac3a02d029a6d15d0b5c2", "2", "588ac3a02d029a6d15d0b5c4");
INSERT INTO cinema_catalog.cinemaPremiere (id, movie_id, cinema_id) VALUES ("688ac3a02d029a6d15d0b5c3", "3", "588ac3a02d029a6d15d0b5c4");
INSERT INTO cinema_catalog.cinemaPremiere (id, movie_id, cinema_id) VALUES ("688ac3a02d029a6d15d0b5c4", "1", "588ac3a02d029a6d15d0b5c5");
INSERT INTO cinema_catalog.cinemaPremiere (id, movie_id, cinema_id) VALUES ("688ac3a02d029a6d15d0b5c5", "3", "588ac3a02d029a6d15d0b5c5");

-- cinema room
INSERT INTO cinema_catalog.cinemaRoom (id, name, capacity, format, cinema_id) VALUES ("688ac3a02d029a6d15d0b5c6", "1.0", 10.0, "IMAX", "588ac3a02d029a6d15d0b5c4");
INSERT INTO cinema_catalog.cinemaRoom (id, name, capacity, format, cinema_id) VALUES ("688ac3a02d029a6d15d0b5c7", "2.0", 10.0, "NORMAL", "588ac3a02d029a6d15d0b5c4");
INSERT INTO cinema_catalog.cinemaRoom (id, name, capacity, format, cinema_id) VALUES ("688ac3a02d029a6d15d0b5c8", "3.0", 10.0, "4DX", "588ac3a02d029a6d15d0b5c4");
INSERT INTO cinema_catalog.cinemaRoom (id, name, capacity, format, cinema_id) VALUES ("688ac3a02d029a6d15d0b5c9", "1.0", 10.0, "NORMAL", "588ac3a02d029a6d15d0b5c5");
INSERT INTO cinema_catalog.cinemaRoom (id, name, capacity, format, cinema_id) VALUES ("688ac3a02d029a6d15d0b5ca", "2.0", 10.0, "3D", "588ac3a02d029a6d15d0b5c5");
INSERT INTO cinema_catalog.cinemaRoom (id, name, capacity, format, cinema_id) VALUES ("688ac3a02d029a6d15d0b5cb", "1.0", 10.0, NULL, "588ac3a02d029a6d15d0b5c6");
INSERT INTO cinema_catalog.cinemaRoom (id, name, capacity, format, cinema_id) VALUES ("688ac3a02d029a6d15d0b5cc", "2.0", 10.0, NULL, "588ac3a02d029a6d15d0b5c6");
INSERT INTO cinema_catalog.cinemaRoom (id, name, capacity, format, cinema_id) VALUES ("688ac3a02d029a6d15d0b5cd", "3.0", 10.0, NULL, "588ac3a02d029a6d15d0b5c6");
INSERT INTO cinema_catalog.cinemaRoom (id, name, capacity, format, cinema_id) VALUES ("688ac3a02d029a6d15d0b5ce", "1.0", 10.0, NULL, "588ac3a02d029a6d15d0b5c7");
INSERT INTO cinema_catalog.cinemaRoom (id, name, capacity, format, cinema_id) VALUES ("688ac3a02d029a6d15d0b5cf", "1.0", 10.0, NULL, "588ac65f2d029a6d15d0b5c8");
INSERT INTO cinema_catalog.cinemaRoom (id, name, capacity, format, cinema_id) VALUES ("688ac3a02d029a6d15d0b5d0", "2.0", 10.0, NULL, "588ac65f2d029a6d15d0b5c8");
INSERT INTO cinema_catalog.cinemaRoom (id, name, capacity, format, cinema_id) VALUES ("688ac3a02d029a6d15d0b5d1", "3.0", 10.0, NULL, "588ac65f2d029a6d15d0b5c8");
INSERT INTO cinema_catalog.cinemaRoom (id, name, capacity, format, cinema_id) VALUES ("688ac3a02d029a6d15d0b5d2", "1.0", 10.0, NULL, "588ac3a02d029a6d15d0b5c9");
INSERT INTO cinema_catalog.cinemaRoom (id, name, capacity, format, cinema_id) VALUES ("688ac3a02d029a6d15d0b5d3", "1.0", 10.0, NULL, "588ac3a02d029a6d15d0b5ca");
INSERT INTO cinema_catalog.cinemaRoom (id, name, capacity, format, cinema_id) VALUES ("688ac3a02d029a6d15d0b5d4", "2.0", 10.0, NULL, "588ac3a02d029a6d15d0b5ca");
INSERT INTO cinema_catalog.cinemaRoom (id, name, capacity, format, cinema_id) VALUES ("688ac3a02d029a6d15d0b5d5", "1.0", 10.0, NULL, "588ac3a02d029a6d15d0b5cb");

-- schedule
INSERT INTO cinema_catalog.schedule (id, time, price, movie_id, cinemaRoom_id) VALUES ("688ac3a02d029a6d15d0b5d6", "10:15", 54.0, "1", "688ac3a02d029a6d15d0b5c6");
INSERT INTO cinema_catalog.schedule (id, time, price, movie_id, cinemaRoom_id) VALUES ("688ac3a02d029a6d15d0b5d7", "4:15", 71.0, "1", "688ac3a02d029a6d15d0b5c6");
INSERT INTO cinema_catalog.schedule (id, time, price, movie_id, cinemaRoom_id) VALUES ("688ac3a02d029a6d15d0b5d8", "6:55", 79.0, "3", "688ac3a02d029a6d15d0b5c6");
INSERT INTO cinema_catalog.schedule (id, time, price, movie_id, cinemaRoom_id) VALUES ("688ac3a02d029a6d15d0b5d9", "10:15", 71.0, "2", "688ac3a02d029a6d15d0b5c7");
INSERT INTO cinema_catalog.schedule (id, time, price, movie_id, cinemaRoom_id) VALUES ("688ac3a02d029a6d15d0b5da", "10:15", 71.0, "3", "688ac3a02d029a6d15d0b5c8");
INSERT INTO cinema_catalog.schedule (id, time, price, movie_id, cinemaRoom_id) VALUES ("688ac3a02d029a6d15d0b5db", "10:15", 71.0, "1", "688ac3a02d029a6d15d0b5c9");
INSERT INTO cinema_catalog.schedule (id, time, price, movie_id, cinemaRoom_id) VALUES ("688ac3a02d029a6d15d0b5dc", "12:15", 71.0, "3", "688ac3a02d029a6d15d0b5c9");
INSERT INTO cinema_catalog.schedule (id, time, price, movie_id, cinemaRoom_id) VALUES ("688ac3a02d029a6d15d0b5dd", "10:15", 71.0, "3", "688ac3a02d029a6d15d0b5ca");
INSERT INTO cinema_catalog.schedule (id, time, price, movie_id, cinemaRoom_id) VALUES ("688ac3a02d029a6d15d0b5de", "3:15", 71.0, "3", "688ac3a02d029a6d15d0b5ca");
INSERT INTO cinema_catalog.schedule (id, time, price, movie_id, cinemaRoom_id) VALUES ("688ac3a02d029a6d15d0b5df", "12:10", 54.0, "1", "688ac3a02d029a6d15d0b5cb");
INSERT INTO cinema_catalog.schedule (id, time, price, movie_id, cinemaRoom_id) VALUES ("688ac3a02d029a6d15d0b5e0", "5:35", 71.0, "2", "688ac3a02d029a6d15d0b5cb");
INSERT INTO cinema_catalog.schedule (id, time, price, movie_id, cinemaRoom_id) VALUES ("688ac3a02d029a6d15d0b5e1", "9:55", 79.0, "3", "688ac3a02d029a6d15d0b5cb");
INSERT INTO cinema_catalog.schedule (id, time, price, movie_id, cinemaRoom_id) VALUES ("688ac3a02d029a6d15d0b5e2", "3:15", 71.0, "4", "688ac3a02d029a6d15d0b5cc");
INSERT INTO cinema_catalog.schedule (id, time, price, movie_id, cinemaRoom_id) VALUES ("688ac3a02d029a6d15d0b5e3", "5:25", 71.0, "5", "688ac3a02d029a6d15d0b5cd");
INSERT INTO cinema_catalog.schedule (id, time, price, movie_id, cinemaRoom_id) VALUES ("688ac3a02d029a6d15d0b5e4", "12:15", 71.0, "1", "688ac3a02d029a6d15d0b5ce");
INSERT INTO cinema_catalog.schedule (id, time, price, movie_id, cinemaRoom_id) VALUES ("688ac3a02d029a6d15d0b5e5", "11:10", 54.0, "3", "688ac3a02d029a6d15d0b5cf");
INSERT INTO cinema_catalog.schedule (id, time, price, movie_id, cinemaRoom_id) VALUES ("688ac3a02d029a6d15d0b5e6", "5:35", 71.0, "1", "688ac3a02d029a6d15d0b5cf");
INSERT INTO cinema_catalog.schedule (id, time, price, movie_id, cinemaRoom_id) VALUES ("688ac3a02d029a6d15d0b5e7", "7:55", 79.0, "3", "688ac3a02d029a6d15d0b5cf");
INSERT INTO cinema_catalog.schedule (id, time, price, movie_id, cinemaRoom_id) VALUES ("688ac3a02d029a6d15d0b5e8", "5:15", 71.0, "1", "688ac3a02d029a6d15d0b5d0");
INSERT INTO cinema_catalog.schedule (id, time, price, movie_id, cinemaRoom_id) VALUES ("688ac3a02d029a6d15d0b5e9", "12:15", 71.0, "4", "688ac3a02d029a6d15d0b5d1");
INSERT INTO cinema_catalog.schedule (id, time, price, movie_id, cinemaRoom_id) VALUES ("688ac3a02d029a6d15d0b5ea", "11:15", 71.0, "1", "688ac3a02d029a6d15d0b5d2");
INSERT INTO cinema_catalog.schedule (id, time, price, movie_id, cinemaRoom_id) VALUES ("688ac3a02d029a6d15d0b5eb", "13:15", 79.0, "3", "688ac3a02d029a6d15d0b5d3");
INSERT INTO cinema_catalog.schedule (id, time, price, movie_id, cinemaRoom_id) VALUES ("688ac3a02d029a6d15d0b5ec", "10:15", 54.0, "4", "688ac3a02d029a6d15d0b5d4");
INSERT INTO cinema_catalog.schedule (id, time, price, movie_id, cinemaRoom_id) VALUES ("688ac3a02d029a6d15d0b5ed", "9:15", 71.0, "2", "688ac3a02d029a6d15d0b5d5");

-- emptySeat
INSERT INTO cinema_catalog.emptySeat (id, seat_number, schedule_id) VALUES ("688ac3a02d029a6d15d0b5ee", "0", "688ac3a02d029a6d15d0b5d6");
INSERT INTO cinema_catalog.emptySeat (id, seat_number, schedule_id) VALUES ("688ac3a02d029a6d15d0b5ef", "1", "688ac3a02d029a6d15d0b5d6");
INSERT INTO cinema_catalog.emptySeat (id, seat_number, schedule_id) VALUES ("688ac3a02d029a6d15d0b5f0", "2", "688ac3a02d029a6d15d0b5d6");
INSERT INTO cinema_catalog.emptySeat (id, seat_number, schedule_id) VALUES ("688ac3a02d029a6d15d0b5f1", "3", "688ac3a02d029a6d15d0b5d6");
INSERT INTO cinema_catalog.emptySeat (id, seat_number, schedule_id) VALUES ("688ac3a02d029a6d15d0b5f2", "4", "688ac3a02d029a6d15d0b5d6");
INSERT INTO cinema_catalog.emptySeat (id, seat_number, schedule_id) VALUES ("688ac3a02d029a6d15d0b5f3", "0", "688ac3a02d029a6d15d0b5d7");
INSERT INTO cinema_catalog.emptySeat (id, seat_number, schedule_id) VALUES ("688ac3a02d029a6d15d0b5f4", "1", "688ac3a02d029a6d15d0b5d7");
INSERT INTO cinema_catalog.emptySeat (id, seat_number, schedule_id) VALUES ("688ac3a02d029a6d15d0b5f5", "2", "688ac3a02d029a6d15d0b5d7");
INSERT INTO cinema_catalog.emptySeat (id, seat_number, schedule_id) VALUES ("688ac3a02d029a6d15d0b5f6", "3", "688ac3a02d029a6d15d0b5d7");
INSERT INTO cinema_catalog.emptySeat (id, seat_number, schedule_id) VALUES ("688ac3a02d029a6d15d0b5f7", "4", "688ac3a02d029a6d15d0b5d7");
INSERT INTO cinema_catalog.emptySeat (id, seat_number, schedule_id) VALUES ("688ac3a02d029a6d15d0b5f8", "0", "688ac3a02d029a6d15d0b5d8");
INSERT INTO cinema_catalog.emptySeat (id, seat_number, schedule_id) VALUES ("688ac3a02d029a6d15d0b5f9", "1", "688ac3a02d029a6d15d0b5d8");
INSERT INTO cinema_catalog.emptySeat (id, seat_number, schedule_id) VALUES ("688ac3a02d029a6d15d0b5fa", "2", "688ac3a02d029a6d15d0b5d8");
INSERT INTO cinema_catalog.emptySeat (id, seat_number, schedule_id) VALUES ("688ac3a02d029a6d15d0b5fb", "3", "688ac3a02d029a6d15d0b5d8");
INSERT INTO cinema_catalog.emptySeat (id, seat_number, schedule_id) VALUES ("688ac3a02d029a6d15d0b5fc", "4", "688ac3a02d029a6d15d0b5d8");
INSERT INTO cinema_catalog.emptySeat (id, seat_number, schedule_id) VALUES ("688ac3a02d029a6d15d0b5fd", "0", "688ac3a02d029a6d15d0b5d9");
INSERT INTO cinema_catalog.emptySeat (id, seat_number, schedule_id) VALUES ("688ac3a02d029a6d15d0b5fe", "1", "688ac3a02d029a6d15d0b5d9");
INSERT INTO cinema_catalog.emptySeat (id, seat_number, schedule_id) VALUES ("688ac3a02d029a6d15d0b5ff", "2", "688ac3a02d029a6d15d0b5d9");
INSERT INTO cinema_catalog.emptySeat (id, seat_number, schedule_id) VALUES ("688ac3a02d029a6d15d0b600", "3", "688ac3a02d029a6d15d0b5d9");
INSERT INTO cinema_catalog.emptySeat (id, seat_number, schedule_id) VALUES ("688ac3a02d029a6d15d0b601", "4", "688ac3a02d029a6d15d0b5d9");
INSERT INTO cinema_catalog.emptySeat (id, seat_number, schedule_id) VALUES ("688ac3a02d029a6d15d0b602", "0", "688ac3a02d029a6d15d0b5da");
INSERT INTO cinema_catalog.emptySeat (id, seat_number, schedule_id) VALUES ("688ac3a02d029a6d15d0b603", "1", "688ac3a02d029a6d15d0b5da");
INSERT INTO cinema_catalog.emptySeat (id, seat_number, schedule_id) VALUES ("688ac3a02d029a6d15d0b604", "2", "688ac3a02d029a6d15d0b5da");
INSERT INTO cinema_catalog.emptySeat (id, seat_number, schedule_id) VALUES ("688ac3a02d029a6d15d0b605", "3", "688ac3a02d029a6d15d0b5da");
INSERT INTO cinema_catalog.emptySeat (id, seat_number, schedule_id) VALUES ("688ac3a02d029a6d15d0b606", "4", "688ac3a02d029a6d15d0b5da");
INSERT INTO cinema_catalog.emptySeat (id, seat_number, schedule_id) VALUES ("688ac3a02d029a6d15d0b607", "0", "688ac3a02d029a6d15d0b5db");
INSERT INTO cinema_catalog.emptySeat (id, seat_number, schedule_id) VALUES ("688ac3a02d029a6d15d0b608", "1", "688ac3a02d029a6d15d0b5db");
INSERT INTO cinema_catalog.emptySeat (id, seat_number, schedule_id) VALUES ("688ac3a02d029a6d15d0b609", "2", "688ac3a02d029a6d15d0b5db");
INSERT INTO cinema_catalog.emptySeat (id, seat_number, schedule_id) VALUES ("688ac3a02d029a6d15d0b60a", "3", "688ac3a02d029a6d15d0b5db");
INSERT INTO cinema_catalog.emptySeat (id, seat_number, schedule_id) VALUES ("688ac3a02d029a6d15d0b60b", "4", "688ac3a02d029a6d15d0b5db");
INSERT INTO cinema_catalog.emptySeat (id, seat_number, schedule_id) VALUES ("688ac3a02d029a6d15d0b60c", "0", "688ac3a02d029a6d15d0b5dc");
INSERT INTO cinema_catalog.emptySeat (id, seat_number, schedule_id) VALUES ("688ac3a02d029a6d15d0b60d", "1", "688ac3a02d029a6d15d0b5dc");
INSERT INTO cinema_catalog.emptySeat (id, seat_number, schedule_id) VALUES ("688ac3a02d029a6d15d0b60e", "2", "688ac3a02d029a6d15d0b5dc");
INSERT INTO cinema_catalog.emptySeat (id, seat_number, schedule_id) VALUES ("688ac3a02d029a6d15d0b60f", "3", "688ac3a02d029a6d15d0b5dc");
INSERT INTO cinema_catalog.emptySeat (id, seat_number, schedule_id) VALUES ("688ac3a02d029a6d15d0b610", "4", "688ac3a02d029a6d15d0b5dc");
INSERT INTO cinema_catalog.emptySeat (id, seat_number, schedule_id) VALUES ("688ac3a02d029a6d15d0b611", "0", "688ac3a02d029a6d15d0b5dd");
INSERT INTO cinema_catalog.emptySeat (id, seat_number, schedule_id) VALUES ("688ac3a02d029a6d15d0b612", "1", "688ac3a02d029a6d15d0b5dd");
INSERT INTO cinema_catalog.emptySeat (id, seat_number, schedule_id) VALUES ("688ac3a02d029a6d15d0b613", "2", "688ac3a02d029a6d15d0b5dd");
INSERT INTO cinema_catalog.emptySeat (id, seat_number, schedule_id) VALUES ("688ac3a02d029a6d15d0b614", "3", "688ac3a02d029a6d15d0b5dd");
INSERT INTO cinema_catalog.emptySeat (id, seat_number, schedule_id) VALUES ("688ac3a02d029a6d15d0b615", "4", "688ac3a02d029a6d15d0b5dd");
INSERT INTO cinema_catalog.emptySeat (id, seat_number, schedule_id) VALUES ("688ac3a02d029a6d15d0b616", "0", "688ac3a02d029a6d15d0b5de");
INSERT INTO cinema_catalog.emptySeat (id, seat_number, schedule_id) VALUES ("688ac3a02d029a6d15d0b617", "1", "688ac3a02d029a6d15d0b5de");
INSERT INTO cinema_catalog.emptySeat (id, seat_number, schedule_id) VALUES ("688ac3a02d029a6d15d0b618", "2", "688ac3a02d029a6d15d0b5de");
INSERT INTO cinema_catalog.emptySeat (id, seat_number, schedule_id) VALUES ("688ac3a02d029a6d15d0b619", "3", "688ac3a02d029a6d15d0b5de");
INSERT INTO cinema_catalog.emptySeat (id, seat_number, schedule_id) VALUES ("688ac3a02d029a6d15d0b61a", "4", "688ac3a02d029a6d15d0b5de");
INSERT INTO cinema_catalog.emptySeat (id, seat_number, schedule_id) VALUES ("688ac3a02d029a6d15d0b61b", "0", "688ac3a02d029a6d15d0b5df");
INSERT INTO cinema_catalog.emptySeat (id, seat_number, schedule_id) VALUES ("688ac3a02d029a6d15d0b61c", "1", "688ac3a02d029a6d15d0b5df");
INSERT INTO cinema_catalog.emptySeat (id, seat_number, schedule_id) VALUES ("688ac3a02d029a6d15d0b61d", "2", "688ac3a02d029a6d15d0b5df");
INSERT INTO cinema_catalog.emptySeat (id, seat_number, schedule_id) VALUES ("688ac3a02d029a6d15d0b61e", "3", "688ac3a02d029a6d15d0b5df");
INSERT INTO cinema_catalog.emptySeat (id, seat_number, schedule_id) VALUES ("688ac3a02d029a6d15d0b61f", "4", "688ac3a02d029a6d15d0b5df");
INSERT INTO cinema_catalog.emptySeat (id, seat_number, schedule_id) VALUES ("688ac3a02d029a6d15d0b620", "0", "688ac3a02d029a6d15d0b5e0");
INSERT INTO cinema_catalog.emptySeat (id, seat_number, schedule_id) VALUES ("688ac3a02d029a6d15d0b621", "1", "688ac3a02d029a6d15d0b5e0");
INSERT INTO cinema_catalog.emptySeat (id, seat_number, schedule_id) VALUES ("688ac3a02d029a6d15d0b622", "2", "688ac3a02d029a6d15d0b5e0");
INSERT INTO cinema_catalog.emptySeat (id, seat_number, schedule_id) VALUES ("688ac3a02d029a6d15d0b623", "3", "688ac3a02d029a6d15d0b5e0");
INSERT INTO cinema_catalog.emptySeat (id, seat_number, schedule_id) VALUES ("688ac3a02d029a6d15d0b624", "4", "688ac3a02d029a6d15d0b5e0");
INSERT INTO cinema_catalog.emptySeat (id, seat_number, schedule_id) VALUES ("688ac3a02d029a6d15d0b625", "0", "688ac3a02d029a6d15d0b5e1");
INSERT INTO cinema_catalog.emptySeat (id, seat_number, schedule_id) VALUES ("688ac3a02d029a6d15d0b626", "1", "688ac3a02d029a6d15d0b5e1");
INSERT INTO cinema_catalog.emptySeat (id, seat_number, schedule_id) VALUES ("688ac3a02d029a6d15d0b627", "2", "688ac3a02d029a6d15d0b5e1");
INSERT INTO cinema_catalog.emptySeat (id, seat_number, schedule_id) VALUES ("688ac3a02d029a6d15d0b628", "3", "688ac3a02d029a6d15d0b5e1");
INSERT INTO cinema_catalog.emptySeat (id, seat_number, schedule_id) VALUES ("688ac3a02d029a6d15d0b629", "4", "688ac3a02d029a6d15d0b5e1");
INSERT INTO cinema_catalog.emptySeat (id, seat_number, schedule_id) VALUES ("688ac3a02d029a6d15d0b62a", "0", "688ac3a02d029a6d15d0b5e2");
INSERT INTO cinema_catalog.emptySeat (id, seat_number, schedule_id) VALUES ("688ac3a02d029a6d15d0b62b", "1", "688ac3a02d029a6d15d0b5e2");
INSERT INTO cinema_catalog.emptySeat (id, seat_number, schedule_id) VALUES ("688ac3a02d029a6d15d0b62c", "2", "688ac3a02d029a6d15d0b5e2");
INSERT INTO cinema_catalog.emptySeat (id, seat_number, schedule_id) VALUES ("688ac3a02d029a6d15d0b62d", "3", "688ac3a02d029a6d15d0b5e2");
INSERT INTO cinema_catalog.emptySeat (id, seat_number, schedule_id) VALUES ("688ac3a02d029a6d15d0b62e", "4", "688ac3a02d029a6d15d0b5e2");
INSERT INTO cinema_catalog.emptySeat (id, seat_number, schedule_id) VALUES ("688ac3a02d029a6d15d0b62f", "0", "688ac3a02d029a6d15d0b5e3");
INSERT INTO cinema_catalog.emptySeat (id, seat_number, schedule_id) VALUES ("688ac3a02d029a6d15d0b630", "1", "688ac3a02d029a6d15d0b5e3");
INSERT INTO cinema_catalog.emptySeat (id, seat_number, schedule_id) VALUES ("688ac3a02d029a6d15d0b631", "2", "688ac3a02d029a6d15d0b5e3");
INSERT INTO cinema_catalog.emptySeat (id, seat_number, schedule_id) VALUES ("688ac3a02d029a6d15d0b632", "3", "688ac3a02d029a6d15d0b5e3");
INSERT INTO cinema_catalog.emptySeat (id, seat_number, schedule_id) VALUES ("688ac3a02d029a6d15d0b633", "4", "688ac3a02d029a6d15d0b5e3");
INSERT INTO cinema_catalog.emptySeat (id, seat_number, schedule_id) VALUES ("688ac3a02d029a6d15d0b634", "0", "688ac3a02d029a6d15d0b5e4");
INSERT INTO cinema_catalog.emptySeat (id, seat_number, schedule_id) VALUES ("688ac3a02d029a6d15d0b635", "1", "688ac3a02d029a6d15d0b5e4");
INSERT INTO cinema_catalog.emptySeat (id, seat_number, schedule_id) VALUES ("688ac3a02d029a6d15d0b636", "2", "688ac3a02d029a6d15d0b5e4");
INSERT INTO cinema_catalog.emptySeat (id, seat_number, schedule_id) VALUES ("688ac3a02d029a6d15d0b637", "3", "688ac3a02d029a6d15d0b5e4");
INSERT INTO cinema_catalog.emptySeat (id, seat_number, schedule_id) VALUES ("688ac3a02d029a6d15d0b638", "4", "688ac3a02d029a6d15d0b5e4");
INSERT INTO cinema_catalog.emptySeat (id, seat_number, schedule_id) VALUES ("688ac3a02d029a6d15d0b63a", "0", "688ac3a02d029a6d15d0b5e5");
INSERT INTO cinema_catalog.emptySeat (id, seat_number, schedule_id) VALUES ("688ac3a02d029a6d15d0b63b", "1", "688ac3a02d029a6d15d0b5e5");
INSERT INTO cinema_catalog.emptySeat (id, seat_number, schedule_id) VALUES ("688ac3a02d029a6d15d0b63c", "2", "688ac3a02d029a6d15d0b5e5");
INSERT INTO cinema_catalog.emptySeat (id, seat_number, schedule_id) VALUES ("688ac3a02d029a6d15d0b63d", "3", "688ac3a02d029a6d15d0b5e5");
INSERT INTO cinema_catalog.emptySeat (id, seat_number, schedule_id) VALUES ("688ac3a02d029a6d15d0b63e", "4", "688ac3a02d029a6d15d0b5e5");

-- occupiedSeat
INSERT INTO cinema_catalog.occupiedSeat (id, seat_number, schedule_id) VALUES ("688ac3a02d029a6d15d0b63f", "0", "688ac3a02d029a6d15d0b5d6");
INSERT INTO cinema_catalog.occupiedSeat (id, seat_number, schedule_id) VALUES ("688ac3a02d029a6d15d0b640", "1", "688ac3a02d029a6d15d0b5d6");
INSERT INTO cinema_catalog.occupiedSeat (id, seat_number, schedule_id) VALUES ("688ac3a02d029a6d15d0b641", "2", "688ac3a02d029a6d15d0b5d6");
INSERT INTO cinema_catalog.occupiedSeat (id, seat_number, schedule_id) VALUES ("688ac3a02d029a6d15d0b642", "3", "688ac3a02d029a6d15d0b5d6");
INSERT INTO cinema_catalog.occupiedSeat (id, seat_number, schedule_id) VALUES ("688ac3a02d029a6d15d0b643", "4", "688ac3a02d029a6d15d0b5d6");
INSERT INTO cinema_catalog.occupiedSeat (id, seat_number, schedule_id) VALUES ("688ac3a02d029a6d15d0b644", "0", "688ac3a02d029a6d15d0b5d7");
INSERT INTO cinema_catalog.occupiedSeat (id, seat_number, schedule_id) VALUES ("688ac3a02d029a6d15d0b645", "1", "688ac3a02d029a6d15d0b5d7");
INSERT INTO cinema_catalog.occupiedSeat (id, seat_number, schedule_id) VALUES ("688ac3a02d029a6d15d0b646", "2", "688ac3a02d029a6d15d0b5d7");
INSERT INTO cinema_catalog.occupiedSeat (id, seat_number, schedule_id) VALUES ("688ac3a02d029a6d15d0b647", "3", "688ac3a02d029a6d15d0b5d7");
INSERT INTO cinema_catalog.occupiedSeat (id, seat_number, schedule_id) VALUES ("688ac3a02d029a6d15d0b648", "4", "688ac3a02d029a6d15d0b5d7");
INSERT INTO cinema_catalog.occupiedSeat (id, seat_number, schedule_id) VALUES ("688ac3a02d029a6d15d0b649", "0", "688ac3a02d029a6d15d0b5d8");
INSERT INTO cinema_catalog.occupiedSeat (id, seat_number, schedule_id) VALUES ("688ac3a02d029a6d15d0b64a", "1", "688ac3a02d029a6d15d0b5d8");
INSERT INTO cinema_catalog.occupiedSeat (id, seat_number, schedule_id) VALUES ("688ac3a02d029a6d15d0b64b", "2", "688ac3a02d029a6d15d0b5d8");
INSERT INTO cinema_catalog.occupiedSeat (id, seat_number, schedule_id) VALUES ("688ac3a02d029a6d15d0b64c", "3", "688ac3a02d029a6d15d0b5d8");
INSERT INTO cinema_catalog.occupiedSeat (id, seat_number, schedule_id) VALUES ("688ac3a02d029a6d15d0b64d", "4", "688ac3a02d029a6d15d0b5d8");
INSERT INTO cinema_catalog.occupiedSeat (id, seat_number, schedule_id) VALUES ("688ac3a02d029a6d15d0b64e", "0", "688ac3a02d029a6d15d0b5d9");
INSERT INTO cinema_catalog.occupiedSeat (id, seat_number, schedule_id) VALUES ("688ac3a02d029a6d15d0b64f", "1", "688ac3a02d029a6d15d0b5d9");
INSERT INTO cinema_catalog.occupiedSeat (id, seat_number, schedule_id) VALUES ("688ad3a02d029a6d15d0b64f", "2", "688ac3a02d029a6d15d0b5d9");
INSERT INTO cinema_catalog.occupiedSeat (id, seat_number, schedule_id) VALUES ("688ac3a02d029a6d15d0b650", "3", "688ac3a02d029a6d15d0b5d9");
INSERT INTO cinema_catalog.occupiedSeat (id, seat_number, schedule_id) VALUES ("688ac3a02d029a6d15d0b651", "4", "688ac3a02d029a6d15d0b5d9");
INSERT INTO cinema_catalog.occupiedSeat (id, seat_number, schedule_id) VALUES ("688ac3a02d029a6d15d0b652", "0", "688ac3a02d029a6d15d0b5da");
INSERT INTO cinema_catalog.occupiedSeat (id, seat_number, schedule_id) VALUES ("688ac3a02d029a6d15d0b653", "1", "688ac3a02d029a6d15d0b5da");
INSERT INTO cinema_catalog.occupiedSeat (id, seat_number, schedule_id) VALUES ("688ac3a02d029a6d15d0b654", "2", "688ac3a02d029a6d15d0b5da");
INSERT INTO cinema_catalog.occupiedSeat (id, seat_number, schedule_id) VALUES ("688ac3a02d029a6d15d0b655", "3", "688ac3a02d029a6d15d0b5da");
INSERT INTO cinema_catalog.occupiedSeat (id, seat_number, schedule_id) VALUES ("688ac3a02d029a6d15d0b656", "4", "688ac3a02d029a6d15d0b5da");
INSERT INTO cinema_catalog.occupiedSeat (id, seat_number, schedule_id) VALUES ("688ac3a02d029a6d15d0b657", "0", "688ac3a02d029a6d15d0b5db");
INSERT INTO cinema_catalog.occupiedSeat (id, seat_number, schedule_id) VALUES ("688ac3a02d029a6d15d0b658", "1", "688ac3a02d029a6d15d0b5db");
INSERT INTO cinema_catalog.occupiedSeat (id, seat_number, schedule_id) VALUES ("688ac3a02d029a6d15d0b659", "2", "688ac3a02d029a6d15d0b5db");
INSERT INTO cinema_catalog.occupiedSeat (id, seat_number, schedule_id) VALUES ("688ac3a02d029a6d15d0b65a", "3", "688ac3a02d029a6d15d0b5db");
INSERT INTO cinema_catalog.occupiedSeat (id, seat_number, schedule_id) VALUES ("688ac3a02d029a6d15d0b65b", "4", "688ac3a02d029a6d15d0b5db");
INSERT INTO cinema_catalog.occupiedSeat (id, seat_number, schedule_id) VALUES ("688ac3a02d029a6d15d0b65c", "0", "688ac3a02d029a6d15d0b5dc");
INSERT INTO cinema_catalog.occupiedSeat (id, seat_number, schedule_id) VALUES ("688ac3a02d029a6d15d0b65d", "1", "688ac3a02d029a6d15d0b5dc");
INSERT INTO cinema_catalog.occupiedSeat (id, seat_number, schedule_id) VALUES ("688ac3a02d029a6d15d0b65e", "2", "688ac3a02d029a6d15d0b5dc");
INSERT INTO cinema_catalog.occupiedSeat (id, seat_number, schedule_id) VALUES ("688ac3a02d029a6d15d0b65f", "3", "688ac3a02d029a6d15d0b5dc");
INSERT INTO cinema_catalog.occupiedSeat (id, seat_number, schedule_id) VALUES ("688ac3a02d029a6d15d0b660", "4", "688ac3a02d029a6d15d0b5dc");
INSERT INTO cinema_catalog.occupiedSeat (id, seat_number, schedule_id) VALUES ("688ac3a02d029a6d15d0b661", "0", "688ac3a02d029a6d15d0b5dd");
INSERT INTO cinema_catalog.occupiedSeat (id, seat_number, schedule_id) VALUES ("688ac3a02d029a6d15d0b662", "1", "688ac3a02d029a6d15d0b5dd");
INSERT INTO cinema_catalog.occupiedSeat (id, seat_number, schedule_id) VALUES ("688ac3a02d029a6d15d0b663", "2", "688ac3a02d029a6d15d0b5dd");
INSERT INTO cinema_catalog.occupiedSeat (id, seat_number, schedule_id) VALUES ("688ac3a02d029a6d15d0b664", "3", "688ac3a02d029a6d15d0b5dd");
INSERT INTO cinema_catalog.occupiedSeat (id, seat_number, schedule_id) VALUES ("688ac3a02d029a6d15d0b665", "4", "688ac3a02d029a6d15d0b5dd");
INSERT INTO cinema_catalog.occupiedSeat (id, seat_number, schedule_id) VALUES ("688ac3a02d029a6d15d0b666", "0", "688ac3a02d029a6d15d0b5de");
INSERT INTO cinema_catalog.occupiedSeat (id, seat_number, schedule_id) VALUES ("688ac3a02d029a6d15d0b667", "1", "688ac3a02d029a6d15d0b5de");
INSERT INTO cinema_catalog.occupiedSeat (id, seat_number, schedule_id) VALUES ("688ac3a02d029a6d15d0b668", "2", "688ac3a02d029a6d15d0b5de");
INSERT INTO cinema_catalog.occupiedSeat (id, seat_number, schedule_id) VALUES ("688ac3a02d029a6d15d0b669", "3", "688ac3a02d029a6d15d0b5de");
INSERT INTO cinema_catalog.occupiedSeat (id, seat_number, schedule_id) VALUES ("688ac3a02d029a6d15d0b66a", "4", "688ac3a02d029a6d15d0b5de");
INSERT INTO cinema_catalog.occupiedSeat (id, seat_number, schedule_id) VALUES ("688ac3a02d029a6d15d0b66b", "0", "688ac3a02d029a6d15d0b5df");
INSERT INTO cinema_catalog.occupiedSeat (id, seat_number, schedule_id) VALUES ("688ac3a02d029a6d15d0b66c", "1", "688ac3a02d029a6d15d0b5df");
INSERT INTO cinema_catalog.occupiedSeat (id, seat_number, schedule_id) VALUES ("688ac3a02d029a6d15d0b66d", "2", "688ac3a02d029a6d15d0b5df");
INSERT INTO cinema_catalog.occupiedSeat (id, seat_number, schedule_id) VALUES ("688ac3a02d029a6d15d0b66e", "3", "688ac3a02d029a6d15d0b5df");
INSERT INTO cinema_catalog.occupiedSeat (id, seat_number, schedule_id) VALUES ("688ac3a02d029a6d15d0b66f", "4", "688ac3a02d029a6d15d0b5df");
INSERT INTO cinema_catalog.occupiedSeat (id, seat_number, schedule_id) VALUES ("688ac3a02d029a6d15d0b670", "0", "688ac3a02d029a6d15d0b5e0");
INSERT INTO cinema_catalog.occupiedSeat (id, seat_number, schedule_id) VALUES ("688ac3a02d029a6d15d0b671", "1", "688ac3a02d029a6d15d0b5e0");
INSERT INTO cinema_catalog.occupiedSeat (id, seat_number, schedule_id) VALUES ("688ac3a02d029a6d15d0b672", "2", "688ac3a02d029a6d15d0b5e0");
INSERT INTO cinema_catalog.occupiedSeat (id, seat_number, schedule_id) VALUES ("688ac3a02d029a6d15d0b673", "3", "688ac3a02d029a6d15d0b5e0");
INSERT INTO cinema_catalog.occupiedSeat (id, seat_number, schedule_id) VALUES ("688ac3a02d029a6d15d0b674", "4", "688ac3a02d029a6d15d0b5e0");
INSERT INTO cinema_catalog.occupiedSeat (id, seat_number, schedule_id) VALUES ("688ac3a02d029a6d15d0b675", "0", "688ac3a02d029a6d15d0b5e1");
INSERT INTO cinema_catalog.occupiedSeat (id, seat_number, schedule_id) VALUES ("688ac3a02d029a6d15d0b676", "1", "688ac3a02d029a6d15d0b5e1");
INSERT INTO cinema_catalog.occupiedSeat (id, seat_number, schedule_id) VALUES ("688ac3a02d029a6d15d0b677", "2", "688ac3a02d029a6d15d0b5e1");
INSERT INTO cinema_catalog.occupiedSeat (id, seat_number, schedule_id) VALUES ("688ac3a02d029a6d15d0b678", "3", "688ac3a02d029a6d15d0b5e1");
INSERT INTO cinema_catalog.occupiedSeat (id, seat_number, schedule_id) VALUES ("688ac3a02d029a6d15d0b679", "4", "688ac3a02d029a6d15d0b5e1");
INSERT INTO cinema_catalog.occupiedSeat (id, seat_number, schedule_id) VALUES ("688ac3a02d029a6d15d0b67a", "0", "688ac3a02d029a6d15d0b5e2");
INSERT INTO cinema_catalog.occupiedSeat (id, seat_number, schedule_id) VALUES ("688ac3a02d029a6d15d0b67b", "1", "688ac3a02d029a6d15d0b5e2");
INSERT INTO cinema_catalog.occupiedSeat (id, seat_number, schedule_id) VALUES ("688ac3a02d029a6d15d0b67c", "2", "688ac3a02d029a6d15d0b5e2");
INSERT INTO cinema_catalog.occupiedSeat (id, seat_number, schedule_id) VALUES ("688ac3a02d029a6d15d0b67d", "3", "688ac3a02d029a6d15d0b5e2");
INSERT INTO cinema_catalog.occupiedSeat (id, seat_number, schedule_id) VALUES ("688ac3a02d029a6d15d0b67e", "4", "688ac3a02d029a6d15d0b5e2");
INSERT INTO cinema_catalog.occupiedSeat (id, seat_number, schedule_id) VALUES ("688ac3a02d029a6d15d0b67f", "0", "688ac3a02d029a6d15d0b5e3");
INSERT INTO cinema_catalog.occupiedSeat (id, seat_number, schedule_id) VALUES ("688ac3a02d029a6d15d0b680", "1", "688ac3a02d029a6d15d0b5e3");
INSERT INTO cinema_catalog.occupiedSeat (id, seat_number, schedule_id) VALUES ("688ac3a02d029a6d15d0b681", "2", "688ac3a02d029a6d15d0b5e3");
INSERT INTO cinema_catalog.occupiedSeat (id, seat_number, schedule_id) VALUES ("688ac3a02d029a6d15d0b682", "3", "688ac3a02d029a6d15d0b5e3");
INSERT INTO cinema_catalog.occupiedSeat (id, seat_number, schedule_id) VALUES ("688ac3a02d029a6d15d0b683", "4", "688ac3a02d029a6d15d0b5e3");
INSERT INTO cinema_catalog.occupiedSeat (id, seat_number, schedule_id) VALUES ("688ac3a02d029a6d15d0b684", "0", "688ac3a02d029a6d15d0b5e4");
INSERT INTO cinema_catalog.occupiedSeat (id, seat_number, schedule_id) VALUES ("688ac3a02d029a6d15d0b685", "1", "688ac3a02d029a6d15d0b5e4");
INSERT INTO cinema_catalog.occupiedSeat (id, seat_number, schedule_id) VALUES ("688ac3a02d029a6d15d0b686", "2", "688ac3a02d029a6d15d0b5e4");
INSERT INTO cinema_catalog.occupiedSeat (id, seat_number, schedule_id) VALUES ("688ac3a02d029a6d15d0b687", "3", "688ac3a02d029a6d15d0b5e4");
INSERT INTO cinema_catalog.occupiedSeat (id, seat_number, schedule_id) VALUES ("688ac3a02d029a6d15d0b688", "4", "688ac3a02d029a6d15d0b5e4");
INSERT INTO cinema_catalog.occupiedSeat (id, seat_number, schedule_id) VALUES ("688ac3a02d029a6d15d0b68a", "0", "688ac3a02d029a6d15d0b5e5");
INSERT INTO cinema_catalog.occupiedSeat (id, seat_number, schedule_id) VALUES ("688ac3a02d029a6d15d0b68b", "1", "688ac3a02d029a6d15d0b5e5");
INSERT INTO cinema_catalog.occupiedSeat (id, seat_number, schedule_id) VALUES ("688ac3a02d029a6d15d0b68c", "2", "688ac3a02d029a6d15d0b5e5");
INSERT INTO cinema_catalog.occupiedSeat (id, seat_number, schedule_id) VALUES ("688ac3a02d029a6d15d0b68d", "3", "688ac3a02d029a6d15d0b5e5");
INSERT INTO cinema_catalog.occupiedSeat (id, seat_number, schedule_id) VALUES ("688ac3a02d029a6d15d0b68e", "4", "688ac3a02d029a6d15d0b5e5");
